{"rmse": 0.22657723370669502, "mean": 0.2124486500992947, "median": 0.2181120438915008, "std": 0.07875794502883972, "min": 6.280369834735101e-16, "max": 0.3319510766179918, "sse": 468.4010036190428}